price,link,listing
$6995,/sfc/ctd/6187255661.html,2006 HONDA CIVIC
$6995,/sfc/ctd/6187255777.html,2005 HONDA ACCORD
$7995,/sfc/ctd/6187255901.html,2004 HONDA PILOT
$8995,/sfc/ctd/6187256049.html,2003 HONDA PILOT
$8995,/sfc/ctd/6187254585.html,2010 HONDA ACCORD
$9995,/sfc/ctd/6187254709.html,2010 HONDA CIVIC
$6995,/sfc/ctd/6187254855.html,2008 HONDA CIVIC
$10995,/sfc/ctd/6187254979.html,2008 HONDA CR-V
$9995,/sfc/ctd/6187251654.html,2008 HONDA ODYSSEY
$6995,/sfc/ctd/6187249197.html,2007 HONDA CIVIC 4 DOOR SEDAN
$7995,/eby/ctd/6186676241.html,2009 HONDA ACCORD CPE 2DR I4 AUTO EX **Fill Out A Credit App To Get Pr
$5,/sby/pts/6171515876.html,"Honda Decals- VTEC, i-VTEC, Civic Si Integra RSX Fit S2000 JDM"
$100,/pen/pts/6182222395.html,Curt Class Trailer Hitch S0104U R1 Honda S2000 AP2
$6995,/eby/ctd/6185269100.html,2009 HONDA CIVIC CPE 2DR AUTO EX **Fill Out A Credit App To Get Pre-qu
$10000,/sby/cto/6144631217.html,Honda s2000
$11800,/eby/cto/6145642502.html,Honda S2000 near perfect.   OBO
$7995,/eby/ctd/6183610027.html,2009 HONDA CIVIC CPE 2DR AUTO EX **Fill Out A Credit App To Get Pre-qu
$29999,/eby/cto/6167583872.html,2007 Honda S2000 Laguna Blue Pearl (9k miles)
$10500,/pen/ctd/6184180906.html,2011 Honda Civic Cpe 2dr Auto LX We Buy-Sell-Trade Cars!
$60,/sby/pts/6164246331.html,Honda Oem S2000 6spd Shift knob / Acura Rsx / Civic etc
$200,/sby/wto/6179659792.html,s2000 17 inch oem wheels honda
$8995,/eby/ctd/6182381709.html,2009 HONDA ACCORD CPE 2DR I4 AUTO EX **Fill Out A Credit App To Get Pr
$28500,/eby/pts/6183409447.html,"2005 GPW s2000 with JDM NAVI screen, Red/Black Interior, CLEAN title"
$100,/pen/cto/6151947244.html,2000 Honda Civic EX Coupe Rolling Shell 5 lug full cage original owner
$40,/sfc/pts/6162820939.html,honda s2000 oem hard top white
$14995,/sfc/pts/6178952830.html,Honda s2000 OEM hardtop rear latch & oem stock cooling plate
$7995,/eby/pts/6149761596.html,NEW Revolver-R Coilovers (2000-2008 Honda S2000 AP1 AP2)
$7988,/sby/pts/6172553582.html,Honda Accord 94-95 Type R Style Front Bumper Lip Body Kit Plastic
$8488,/eby/ctd/6181062239.html,2012 HONDA CR-V 2WD 5DR LX **Fill Out A Credit App To Get Pre-qualifie
$4000,/eby/ctd/6181060607.html,2009 HONDA CIVIC CPE 2DR AUTO EX **Fill Out A Credit App To Get Pre-qu
$1,/sfc/ctd/6180699135.html,2004 HONDA CR-V EX 4X4 LOW MILEAGE 105108 4WD EX MODEL * MOON ROOF *10
$8995,/sfc/ctd/6180685875.html,2005 HONDA CR-V - LOW MILEAGE 98841 - 2 OWNERS - LX
$2800,/eby/cto/6152387246.html,1994 Honda Civic Ex GSR swap
$10,/sby/pts/6185798412.html,Hawk DTC 60 Brake Pads Front & Rear Honda S2000
$9000,/eby/ctd/6179983327.html,2009 HONDA ACCORD CPE 2DR I4 AUTO EX **Fill Out A Credit App To Get Pr
$150,/pen/cto/6184366097.html,1999 Honda Accord EX 4 cylinder
$200,/sby/pts/6184082233.html,honda s2000 parts
$25,/eby/cto/6163872228.html,2000 Honda S2000 (AP1)
$20,/pen/pts/6144652513.html,AEM Cold Air Intake V2 for Honda S2000
$11888,/sby/pts/6183386535.html,Honda S2000 ap2 exhaust w magnaflow mufflers
$30,/sby/pts/6183259772.html,Genuine Honda 37870-PLC-004 Coolant Temp Sensor (O-ring included)
$9990,/sby/pts/6174366534.html,"**Headlight Eyelids -Honda Civic Si, Fit, S2000, WRX, EVO 9, 350Z"
$8500,/pen/ctd/6178209861.html,2011 Honda Fit Auto Sport**$181 PER MONTH**EZ APPROVAL**
$20700,/sby/pts/6182501377.html,Honda S2000 High Flow JR Air Filter
$13950,/pen/cto/6139554713.html,2001 S2000 CLEAN TITLE with upgrades
$15500,/eby/cto/6181791382.html,1999 Honda Civic Si   Em1  K20  jdm
$8995,/eby/ctd/6176916638.html,2012 Honda Pilot 4WD EX-L
$7995,/eby/ctd/6158151422.html,2000 Honda S2000 Convertible * Glass Top * 102k miles * Clean Title *
$9999,/sfc/ptd/6181049043.html,PARTING OUT 2012 HONDA ACCORD COUPE!!!!!
$9999,/sby/cto/6157946993.html,2006 Honda S2000
$12499,/sfc/cto/6138122225.html,2005 Honda S2000 s2k
$9499,/eby/ctd/6175329906.html,2009 HONDA ACCORD CPE 2DR I4 AUTO EX **Fill Out A Credit App To Get Pr
$7995,/eby/ctd/6175328822.html,2009 HONDA CIVIC CPE 2DR AUTO EX **Fill Out A Credit App To Get Pre-qu
$13995,/sby/ctd/6175279693.html,2012 HONDA CIVIC SDN 4DR AUTO CNG INTERNET SPECIAL ONLY!!!
$16998,/scz/ctd/6175177672.html,2012 HONDA CIVIC SDN 4DR AUTO CNG INTERNET SPECIAL ONLY!!!
$14995,/eby/ctd/6180169376.html,2012 Honda Accord SE 2.4 L VTEC Special Edition W/ Leather Must SEE!!!
$300,/eby/ctd/6180158559.html,2009 Honda Civic Si 6-SPD Manual W/Honda Vtec Fun Fast Car Come SEE!!!
$25,/scz/ctd/6175631653.html,2007 HONDA ACCORD EX-L 4DR SEDAN (2.4I4 5A)
$5000,/scz/ctd/6175618329.html,2011 HONDA CR-V EX-L 4DR SUV
$1,/eby/ctd/6154199421.html,2005 *Honda* *S2000* Base 2dr Convertible
$130,/eby/ctd/6173637513.html,2012 HONDA CR-V 2WD 5DR LX **Fill Out A Credit App To Get Pre-qualifie
$800,/sby/pts/6189013979.html,S2000 apexi N1 single
$80,/eby/pts/6178199637.html,Brand New Honda 6-speed Shift knob
$1,/sby/pts/6160737324.html,Badass Honda S2000 supercharger setup
$1,/eby/pts/6152243597.html,s2000 Grand Prix White OEM Hardtop from my 2009 for sale
$4995,/sby/pts/6152242201.html,"OEM Thicker CF Steering wheel for NSX, S2000, Lambo, M3, AMG, EVO, STi"
$150,/eby/pts/6173789794.html,OMP Aftermarket Seat Brackets for S2000
$75,/eby/wto/6174239199.html,"Volk GT-C Face 1 18"" Wheels (S2000)"
$8995,/sby/pts/6187566300.html,s2000 Megan Racing Rear Axle Driveshaft Spacer
$7995,/sby/pts/6165029218.html,WTB: s2000 AP2 OEM Front Bumper/Lip
$1,/sfc/pts/6187408484.html,"S2000 Racaro SPG, Soptech BBK, Forgestar F14 Wheels"
$21500,/eby/ctd/6176818681.html,Honda ACCORD CIVIC CRV 2009 2008 2007 2006 2005 2004 2003 2002 2001
$2,/sby/ctd/6172592581.html,1999 Honda Accord EX
$65,/sby/pts/6171424460.html,S2000 AP2 - AMS Amuse Style Front Lip
$1500,/scz/wad/6186865923.html,Wanted - Toyota Honda Acura Subaru Nissan damaged okðŸš•ðŸš—ðŸš™
$1,/eby/pts/6186802301.html,S2000 sparco seat mounting bracket
$1,/eby/ctd/6171518786.html,2009 HONDA ACCORD CPE 2DR I4 AUTO EX **Fill Out A Credit App To Get Pr
$1,/eby/ctd/6171517943.html,2009 HONDA CIVIC CPE 2DR AUTO EX **Fill Out A Credit App To Get Pre-qu
$100,/eby/pts/6167515804.html,S2000 tonneau cover
$20888,/sby/cto/6154774717.html,2003 Honda S2000 (reduced for quick sale)
$18998,/sby/pts/6176100315.html,OEM / JDM Honda and Acura Parts
$79,/nby/pts/6171590864.html,S2000 Test Pipe
$14995,/eby/pts/6160823445.html,JDM CUSCO FULLY ADJUSTABLE COILOVERS - S2000 AP1 AP2
$14000,/pen/pts/6163800265.html,"Recaro SPG Buckets, s2000 Hardtop, ASM Wing"
$13950,/sby/pts/6163586985.html,s2000 ASM (authentic) Dry Carbon IS Design wing
$1,/pen/pts/6163580061.html,"OEM Honda aluminum Hardtop, beautifully covered 3M carbon fiber wrap"
$600,/pen/pts/6184546304.html,S2000 trunk third brake light
$80,/eby/ctd/6151756998.html,2007 *Honda* *S2000* Base 2dr Convertible
$5888,/eby/ctd/6151751125.html,2007 *Honda* *S2000* Base 2dr Convertible
$1,/pen/pts/6156214143.html,"S2000 Header 70mm testpipe W/ celfix  turbo manifold,and hardtop"
$9995,/eby/ctd/6169559431.html,2012 HONDA CR-V 2WD 5DR LX **Fill Out A Credit App To Get Pre-qualifie
$8995,/eby/cto/6153586752.html,"2001 Honda S2000 - 95,300 miles - Red leather interior"
$9995,/eby/ctd/6153523552.html,2000 Honda S2000 Convertible * Glass Top * 102k miles * Clean Title *
$8995,/pen/ctd/6173876550.html,Honda ACCORD CIVIC CRV 2008 2007 2006 ex lx 2005 2004 2003 2002 2001
$7995,/sby/pts/6183498005.html,HONDA NEW AUTO BODY PARTS CLEARANCE
$7888,/eby/pts/6183216729.html,96-up honda crv fullmark rear tailgate & bumper w/o tire mount
$11888,/sfc/ptd/6173555596.html,PARTING OUT 2012 HONDA ACCORD COUPE!!!!!
$7995,/eby/ctd/6168542214.html,2012 HONDA CIVIC LX COUPE 2D **Hablo Espanol**
$7995,/sfc/pts/6182191104.html,s2000 Seats and railings(oem)
$13995,/sby/ctd/6172087783.html,2003 Honda Civic Si Hatchback Must See
$14999,/sfc/pts/6181367427.html,S2000 Parts/ EG Headlights
$9998,/sfc/ctd/6166847806.html,2012 HONDA CIVIC SEDAN 4-DR
$9998,/sfc/ctd/6166849439.html,2010 HONDA CIVIC
$16998,/sfc/ctd/6166846110.html,2010 HONDA ACCORD 4 DOOR SEDAN
$7995,/eby/ctd/6166371532.html,2009 HONDA ACCORD CPE 2DR I4 AUTO EX **Fill Out A Credit App To Get Pr
$9995,/eby/ctd/6166368855.html,2009 HONDA CIVIC CPE 2DR AUTO EX **Fill Out A Credit App To Get Pre-qu
$7995,/pen/ctd/6167126219.html,2006 HONDA PILOT EX-L NAV
$19991,/pen/ctd/6167110764.html,2011 HONDA FIT SPORT 74K
$8995,/sby/ctd/6167060511.html,2004 Honda Accord EX w/Leather w/Navi
$12345,/sby/cto/6167291035.html,Honda Del Sol Vtec and Rare Goodies
$13950,/eby/ctd/6149254343.html,2000 Honda S2000 Convertible * Glass Top * 102k miles * Clean Title *
$18480,/sfc/ctd/6147963686.html,2005 *Honda* *S2000*
$8995,/eby/ctd/6161867482.html,2009 HONDA ACCORD CPE 2DR I4 AUTO EX **Fill Out A Credit App To Get Pr
$31999,/eby/ctd/6148921779.html,*2008* *Honda S2000* *Base* Red
$31999,/sby/ctd/6148912076.html,*2008* *Honda S2000* *Base* Red
$14995,/eby/ctd/6160454081.html,2012 HONDA CR-V 2WD 5DR LX **Fill Out A Credit App To Get Pre-qualifie
$7995,/eby/ctd/6160449985.html,2009 HONDA CIVIC CPE 2DR AUTO EX **Fill Out A Credit App To Get Pre-qu
$13950,/eby/ctd/6148073807.html,2000 Honda S2000 Convertible * Glass Top * 102k miles * Clean Title *
$9000,/scz/cto/6153552345.html,2001 Honda S2000
$9999,/pen/ctd/6160453049.html,2010 Honda Accord EX-L 4dr Sedan 5A **Easy Financing**
$11500,/eby/ctd/6163441975.html,Honda CR-V PILOT FIT 2009 2008 2007 2006 2005 2004 2003 ex lx se
$11999,/eby/cto/6115712754.html,2004 Honda S2000 CLEAN TITLE
$9999,/sfc/ctd/6159595883.html,2009 HONDA PILOT TOURING 4WD WITH DVD
$8995,/nby/ctd/6146290526.html,2001 *Honda S2000*   - Honda Silverstone Metallic
$6499,/sfc/ctd/6157964184.html,2012 HONDA ACCORD SE 4DR SEDAN *CUDL Financing Available!*
$12999,/eby/ctd/6157887101.html,2009 HONDA ACCORD CPE 2DR I4 AUTO EX **Fill Out A Credit App To Get Pr
$25000,/sfc/ctd/6157557582.html,2006 HONDA CIVIC LX 2DR COUPE W/AUTOMATIC
$14995,/sby/cto/6148296171.html,2005 HONDA S2000 AP2 103K
$7995,/sfc/cto/6116331168.html,2006 Honda S2000
$13950,/eby/ctd/6156201498.html,2012 HONDA CR-V 2WD 5DR LX **Fill Out A Credit App To Get Pre-qualifie
$5888,/eby/ctd/6156198252.html,2009 HONDA CIVIC CPE 2DR AUTO EX **Fill Out A Credit App To Get Pre-qu
$10888,/eby/ctd/6145281755.html,2000 Honda S2000 Convertible * Glass Top * 102k miles * Clean Title *
$9995,/sfc/ptd/6159242533.html,PARTING OUT 2012 HONDA ACCORD COUPE!!!!!
$8995,/sby/ctd/6159219117.html,2003 Honda Civic Si Hatchback Must See
$2800,/sby/ctd/6156421959.html,"2012 Honda Civic Sdn 4dr Auto CNG CARPOOL STICKER,1 OWNER,CLEAN CARFAX"
$9995,/sby/ctd/6156383591.html,"2008 Honda Civic Sdn 4dr Auto EX-L low miles 76k lthr,moon roof,alloys"
$5988,/sfc/ptd/6157418932.html,PARTING OUT 2012 HONDA ACCORD COUPE!!!!!
$1300,/eby/ctd/6152891988.html,2009 HONDA ACCORD CPE 2DR I4 AUTO EX **Fill Out A Credit App To Get Pr
$8499,/sfc/cto/6188163961.html,2000 civic with type r front end slammed on bbs wheels
$9999,/sby/ctd/6151930125.html,2011 HONDA FIT SPORT with
$5499,/sby/ctd/6153074652.html,2003 Honda Civic Si Hatchback Must See
$3888,/eby/ptd/6144824165.html,JDM 1999-2003 Honda S2000 Nose cut FENDERS HOOD BUMPER HEADLIGHTS
$9995,/sfc/ctd/6149320603.html,2007 HONDA CIVIC EX 2DR COUPE (1.8L I4 5A)
$9995,/sfc/ctd/6149319346.html,2005 HONDA ODYSSEY LX 4DR MINI VAN
$14995,/sfc/ctd/6149320013.html,2005 HONDA CR-V LX 4DR SUV
$5995,/sfc/ctd/6148968497.html,***2001 HONDA CR-V -  Low Mileage and Clean Title***
$11888,/sfc/ctd/6148163527.html,2012 HONDA CIVIC SEDAN 4-DR
$7995,/sfc/ctd/6148163708.html,2009 HONDA CIVIC
$7499,/eby/ctd/6147922059.html,2012 HONDA CR-V 2WD 5DR LX **Fill Out A Credit App To Get Pre-qualifie
$12499,/sby/ctd/6147562753.html,2004 HONDA CIVIC VALUE PACKAGE with
$7998,/pen/ctd/6147516059.html,2011 HONDA FIT SPORT 74K
$9998,/eby/ctd/6146099966.html,2009 HONDA CIVIC CPE 2DR AUTO EX **Fill Out A Credit App To Get Pre-qu
$12998,/eby/ctd/6146389245.html,2004 Honda Accord EX V-6 w/Navi 4dr Sedan w/Navi *Guaranteed Credit Ap
$7998,/eby/ctd/6146389975.html,2012 Honda Accord SE 4dr Sedan *Easy Financing*
$100,/eby/ctd/6146386447.html,2007 Honda Accord EX-L (Buy Here Pay Here Available)
$200,/eby/ctd/6146387243.html,2007 Honda Accord EX L V 6 4dr Sedan (3L V6 5A) Best Prices Around!
$620,/eby/ctd/6146388561.html,2010 Honda Accord LX-P 4dr Sedan 5A Best Prices Around!
$110,/eby/ctd/6146385133.html,2007 Honda Accord Special Edition (Buy Here Pay Here Available)
$80,/eby/pts/6188954873.html,Acura RSX Type S / Civic SI Injen Short Ram Intake
$900,/eby/pts/6188869227.html,Skunk 2 K-Series Throttle Body
$1699,/eby/pts/6185667614.html,Brand New Sparco R100 Racing Seats * Black/Red Black/Blue* Pair
$16499,/eby/pts/6184557686.html,RARE JDM OMONI Gauges : Water Temp / Oil Pressure / Vacuum
$12999,/eby/pts/6184560143.html,JDM OMONI Oil Pressure Gauge Complete w/ Sensor
$1699,/sby/pts/6188767845.html,BBS RGR Racing wheels Forged
$1499,/eby/wtd/6188724389.html,"LIFT KITS OFF ROAD WHEELS MUD TIRES 33"" 35"" M/T 20"" 22"" OFF-ROAD WHEEL"
$15999,/eby/ctd/6188722941.html,"2011 BMW X5 XDRIVE50I SPORT PKG V8 Navigation, Panoramic Sunroof !!!!"
$8999,/eby/ctd/6188718985.html,2016 Toyota Corolla LE PLUS W/ Backup Camera and Bluetooth Gas Saver!!
$11499,/eby/wtd/6188719230.html,"20"" MOTO METAL OFFROAD WHEELS & TIRES 33"" 35"" MUD TIRES WE FINANCE"
$13999,/eby/wtd/6188719985.html,"20X10 OFF-ROAD RIMS 33"" 35"" M/T TIRES WE FINANCE NO CREDIT NEEDED 20"""
$9999,/eby/ctd/6188716402.html,2011 Audi A6 S-Line V6 SUPERCHARGED WE Have Easy Financing Call NOW
$12999,/eby/ctd/6188713801.html,2007 BMW 335i TWIN TURBO 300 HP Fast Fun CAR W/ Bucket Seats Call NOW
$110,/eby/ctd/6188708960.html,2008 Mercedes-Benz GL450 4MATIC AWD 4dr SUV W/NAV Low Price CAll NOW!!
$15999,/eby/ctd/6188697462.html,2003 MERCEDES-BENZ SL500 Hardtop Convertibles Low Miles Call Now!!!!!
$1599,/eby/ctd/6188694405.html,2003 MERCEDES-BENZ CL55 AMG 5.5L V8 493 hp Fast Fun Car Must SEE!!!!!!
$1699,/eby/ctd/6188689750.html,2007 Ford Mustang GT 4.6 V8 300hp 5 Speed Manual Fun Fast CAR!!!!!!!!
$1299,/eby/pts/6184558698.html,JDM Greddy Water Temperature Gauge Complete System
$1699,/eby/ctd/6188576665.html,2016 Toyota Camry SE Sport Pkg Sedan w/ Backup Camera Must SEE!!!!!!!!
$450,/eby/wtd/6188523313.html,"6"" LIFT KIT 2012-2017 DODGE RAM 1500 INSTALLED"
$550,/nby/wtd/6188465254.html,"FUEL XD MOTO METAL HOSTILE OFF-ROAD RIMS & TIRES 33"" 35"" M/T TIRES 20"""
$1,/eby/wtd/6188466064.html,"LIFT KITS OFF ROAD WHEELS MUD TIRES 33"" 35"" M/T 20"" 22"" OFF-ROAD WHEEL"
$1699,/eby/wtd/6188464423.html,"XD SERIES OFF-ROAD RIMS & TIRES 33"" 35"" M/T WE LIFT TRUCKS WE FINANCE"
$1299,/eby/pts/6182029078.html,e90 LCI 09-11 Mtech  Bumper pre painted OEM colors $450
$1699,/eby/pts/6182032565.html,e90  Mtech REAR bumpers painted in OEM colors
$1699,/eby/pts/6152244598.html,Bride VIOS or Recaro sPG style Race Seats in Red or Black (FRP Back or CF)
$1549,/nby/wtd/6188211598.html,"FUEL XD MOTO METAL HOSTILE OFF-ROAD RIMS & TIRES 33"" 35"" M/T TIRES 20"""
$600,/eby/wtd/6188211673.html,"LIFT KITS OFF ROAD WHEELS MUD TIRES 33"" 35"" M/T 20"" 22"" OFF-ROAD WHEEL"
$1,/nby/wtd/6188212135.html,"FUEL XD MOTO METAL HOSTILE OFF-ROAD RIMS & TIRES 33"" 35"" M/T TIRES 20"""
$1350,/eby/wtd/6188201337.html,"XD SERIES OFF-ROAD RIMS & TIRES 33"" 35"" M/T WE LIFT TRUCKS WE FINANCE"
$6000,/eby/wtd/6188195843.html,"20"" MOTO METAL OFFROAD WHEELS & TIRES 33"" 35"" MUD TIRES WE FINANCE"
$9999,/eby/pts/6188002718.html,Defi BF 3-gauge set w/ Defi Link and all sensors
$20,/nby/pts/6163560748.html,MAZDA MIATA NA/NB/NC/ND TOP REPLACEMENT
$100,/eby/pts/6184553670.html,"WEDSSPORT SA72R 18Ã—10.5"" et25 5Ã—114.3 Super Concave Face"
$1300,/sfc/cto/6174392507.html,2006 BMW 750i V8 Black GPS Bluetooth Heated Seats*OBO OBO*
$70,/eby/mcy/6187482042.html,2011 Ducati Diavel Carbon Red
$1,/eby/pts/6145092383.html,Universal Tow Hook * Gold * Green * Brand New
$149,/eby/pts/6158124565.html,NRG 2.0 Quick Release * Brand New * Multi Colors * NIB
$50,/pen/pts/6187304641.html,FS Spoon sports CR93 rims bridgestone
$2480,/eby/pts/6178649046.html,*Brand New* ProSport Boost Gauge Electrical w/Sender Blue/White 52mm
$1699,/eby/wto/6187289678.html,WEDS WHEELS Wedssport SA72R 17x9.5 +47 5x114.3 Flat Black
$1599,/eby/pts/6165326278.html,Project Kics Caliber 24 Lug Nuts * Brand New *
$1499,/eby/pts/6167073690.html,Universal Quick Release for Momo Nardi NRG Vertex ATC Keys Sparco Etc
$991,/eby/pts/6148140568.html,RAYS ENGINEERING 57FXX WHEELS in 20x10 +30 * DARK BLUE * RARE
$25,/eby/wtd/6187095586.html,"ROHANA WHEEL / TIRE PACKAGE DEALS 19"" 20"" 22"" AGGRESSIVE STAGGERED"
$1800,/nby/wtd/6186963213.html,"FUEL XD MOTO METAL HOSTILE OFF-ROAD RIMS & TIRES 33"" 35"" M/T TIRES 20"""
$1299,/eby/wtd/6186960615.html,"6"" LIFT KIT 2012-2017 DODGE RAM 1500 INSTALLED"
$1299,/eby/wtd/6186917677.html,"20"" MOTO METAL OFFROAD WHEELS & TIRES 33"" 35"" MUD TIRES WE FINANCE"
$1499,/sby/pts/6186856753.html,"((19"" CHROME ACURA A-SPEC RIMS FIT ACCORD MDX TLX RDX ))"
$1299,/eby/pts/6186763121.html,Diode Dynamics HP11 Amber 7443 Fitment
$1699,/eby/wto/6179698112.html,"JDM 18x8.5"" ADVAN RG-II WHEELS W/ DUNLOP TIRES"
$1499,/eby/wtd/6186810447.html,"LIFT KITS OFF ROAD WHEELS MUD TIRES 33"" 35"" M/T 20"" 22"" OFF-ROAD WHEEL"
$999,/eby/wtd/6186648832.html,"LIFT KITS OFF ROAD WHEELS MUD TIRES 33"" 35"" M/T 20"" 22"" OFF-ROAD WHEEL"
$12000,/eby/wtd/6186648956.html,"20X10 OFF-ROAD RIMS 33"" 35"" M/T TIRES WE FINANCE NO CREDIT NEEDED 20"""
$1500,/eby/wtd/6186638154.html,"XTREME MUDDER 20X9 20X10 OFF-ROAD RIMS & TIRES 33"" 35"" M/T WE FINANCE"
$80,/eby/wtd/6186638590.html,"HOSTILE OFFROAD RIMS & 33"" 35"" MUD TIRES WE LIFT TRUCKS WE FINANCE 20"""
$50,/eby/wtd/6186637308.html,"XD SERIES OFF-ROAD RIMS & TIRES 33"" 35"" M/T WE LIFT TRUCKS WE FINANCE"
$14999,/sfc/wtd/6186624763.html,"â˜… 20 22"" Giovanna/RF Wheels Rims Staggered 40% off - EZ Financing"
$10999,/eby/pts/6149177889.html,MUSTANG T5 TRANSMISSION V8 V6
$13999,/eby/cto/6175779305.html,++ 2008 Subaru wrx Hatchback __
$13999,/eby/pts/6168791809.html,"JDM 18"" WORK EMOTION CR KIWAMI W/ TOYO R888 TIRES"
$150,/sfc/pts/6185824977.html,"Evo 8/9 3"" ETS Test Pipe"
$7888,/pen/ctd/6144177091.html,"CA$H4;Honda ACCORD,CIVIC,CRV 2007 2006 ex lx 2005 2004 2003 2002 2001"
$1199,/eby/pts/6185755597.html,Universal Quick Release for Momo Nardi NRG Vertex ATC Keys Sparco Etc
$485,/sfc/wto/6160715626.html,Voxx Racing wheels
$590,/sfc/wto/6180230119.html,"18"" Icw Racing wheels"
$1549,/sby/ptd/6184129717.html,"IMPORTED ENGINES & TRANSMISSIONS JAPANESE, DOMESTIC, EUROPEAN & KOREAN"
$1100,/sfc/ptd/6184117426.html,"IMPORTED ENGINES & TRANSMISSIONS JAPANESE, DOMESTIC, EUROPEAN & KOREAN"
$20,/eby/wtd/6184114669.html,"20"" MOTO METAL OFFROAD WHEELS & TIRES 33"" 35"" MUD TIRES WE FINANCE"
$20,/eby/wtd/6184065148.html,"AMERICAN FORCE 20"" 22"" 24"" 26"" OFF ROAD WHEELS TIRES FINANCE AVAILABA"
$20,/sfc/wto/6175304538.html,17x9 Enkei RPF1 w/ Hankook RS3s ~ $1100 obo
$1599,/sfc/pts/6156197580.html,FS: SPHERICAL /TEARDROP SHIFT KNOBS NEO BURNT MIRROR POLISHED
$1399,/sfc/pts/6156197582.html,FS: SPHERICAL /TEARDROP SHIFT KNOBS NEO BURNT MIRROR POLISHED
$1499,/pen/pts/6156160284.html,SPHERICAL /TEARDROP SHIFT KNOBS NEO BURNT MIRROR POLISHED
$1499,/eby/wtd/6183841464.html,"6"" LIFT KIT 2012-2017 DODGE RAM 1500 INSTALLED"
$1499,/eby/wtd/6183660474.html,"XTREME MUDDER 20X9 20X10 OFF-ROAD RIMS & TIRES 33"" 35"" M/T WE FINANCE"
$1699,/eby/wtd/6183633235.html,Lift Kit Level Kit Off-Road Wheels & Off-Road Mud Tires We Finance
$1299,/eby/wtd/6183633557.html,"XD SERIES OFF-ROAD RIMS & TIRES 33"" 35"" M/T WE LIFT TRUCKS WE FINANCE"
$1299,/eby/wtd/6183588843.html,"LIFT KITS OFF ROAD WHEELS MUD TIRES 33"" 35"" M/T 20"" 22"" OFF-ROAD WHEEL"
$1499,/eby/wtd/6183492244.html,"XD SERIES OFF-ROAD RIMS & TIRES 33"" 35"" M/T WE LIFT TRUCKS WE FINANCE"
$1299,/eby/wtd/6183492408.html,"LIFT KITS OFF ROAD WHEELS MUD TIRES 33"" 35"" M/T 20"" 22"" OFF-ROAD WHEEL"
$1299,/eby/wtd/6183492429.html,"XTREME MUDDER 20X9 20X10 OFF-ROAD RIMS & TIRES 33"" 35"" M/T WE FINANCE"
$800,/eby/wtd/6183492437.html,"20X10 OFF-ROAD RIMS 33"" 35"" M/T TIRES WE FINANCE NO CREDIT NEEDED 20"""
$500,/eby/wtd/6183492733.html,"HOSTILE OFFROAD RIMS & 33"" 35"" MUD TIRES WE LIFT TRUCKS WE FINANCE 20"""
$350,/sfc/wtd/6183423208.html,â˜… 19 20 staggered Rennen wheels Special -Deep Lip
$500,/sfc/ptd/6183418834.html,PARTING OUT 2013 HYUNDAI GENESIS !!!!!!!
$325,/sfc/ptd/6183408163.html,PARTING OUT 2010 KIA FORTE
$250,/eby/pts/6183217228.html,H23A Bluetop Vtec  Euro Accord motor engine
$20,/eby/pts/6183215734.html,JDM  CRX EF6 JDM lightweight  doors with power windows
$240,/eby/pts/6182040221.html,e39 M TECH front bumpers painted  on sale
$17600,/eby/pts/6182028434.html,F30 m3 front bumpers painted  on sale (pre painted w/install)
$8000,/eby/pts/6182029882.html,e46 m3 front bumpers painted & installed on sale
$50,/eby/pts/6182026680.html,e36 m3 front bumpers painted  on sale
$50,/sby/pts/6182020137.html,Moog sway bar link
$1499,/eby/pts/6139500293.html,Brand New *AUTHENTIC* Project Kics Iconix Neo Chrome Lug Nuts
$899,/sby/cto/6181496340.html,2009 370z sport package manual
$1699,/pen/cto/6181494106.html,2001 M3 convertible
$1699,/sfc/pts/6181194147.html,4 Bar MAP sensor for turbo or supercharged cars - $1
$15999,/sfc/pts/6181194802.html,4 Bar MAP sensor for turbo or supercharged cars - $1
$1699,/sfc/ptd/6181052051.html,(PARTING OUT) 2003 ISUZU AXIOM
$13999,/sfc/ptd/6181041824.html,PARTING OUT 2013 HYUNDAI GENESIS !!!!!!!
$10499,/sfc/ptd/6181033897.html,2005 ACURA TL (PART OUT)
$15999,/eby/wtd/6181023484.html,"20X10 OFF-ROAD RIMS 33"" 35"" M/T TIRES WE FINANCE NO CREDIT NEEDED 20"""
$14999,/sfc/wtd/6181019258.html,"â˜… 19"" 20"" staggered Deep concave wheels rims-Wholesale prices"
$6999,/eby/wtd/6180961062.html,"HOSTILE OFFROAD RIMS & 33"" 35"" MUD TIRES WE LIFT TRUCKS WE FINANCE 20"""
$13999,/eby/wtd/6180922160.html,"20"" MOTO METAL OFFROAD WHEELS & TIRES 33"" 35"" MUD TIRES WE FINANCE"
$15999,/eby/wtd/6180918586.html,"AMERICAN FORCE 20"" 22"" 24"" 26"" OFF ROAD WHEELS TIRES FINANCE AVAILABA"
$10999,/eby/pts/6160319537.html,auto radios
$8999,/eby/for/6160320832.html,auto radios
$13999,/eby/ctd/6180178343.html,2014 CHEVROLET VOLT W/Range Extender Good CAR TO HAVE Easy Financing!!
$12998,/eby/wtd/6180174445.html,"HOSTILE OFFROAD RIMS & 33"" 35"" MUD TIRES WE LIFT TRUCKS WE FINANCE 20"""
$8999,/eby/ctd/6180175975.html,2008 Mercedes-Benz GL450 4MATIC AWD 4dr SUV W/NAV Premium Wheels !!!!!
$12999,/eby/ctd/6180170990.html,2009 Audi A4 Avant Wagon QUATTRO Premium Package Premium Wheels !!!!!!
$13999,/eby/ctd/6180168508.html,2012 BMW 328i 4dr Sedan Special Leather PKG NAVi  Heads-Up Display
$8499,/eby/ctd/6180167006.html,2007 BMW 550i  4.8i V8 Sport Pkg W/ Paddle Shift Very Low Miles!!!!!!!
$17999,/eby/ctd/6180163237.html,2007 DODGE CHARGER SXT 3.5 L V6 Good First Car Runs Excellent Must SEE
$12999,/eby/ctd/6180164030.html,2008 Mercedes-Benz GL450 4MATIC AWD 4dr SUV W/NAV Fully Loaded!!!!!!!
$13999,/eby/ctd/6180164992.html,2009 BMW X5 XDRIVE48I Low Miles 4.8 V8 AWD With Sport PKG Call NOW!!!!
$6999,/eby/ctd/6180162522.html,2008 Mercedes-Benz ML350 AWD Fully Loaded Backup Camera Must SEE!!!
$8999,/eby/ctd/6180159188.html,2008 Mercedes-Benz E350 Fully Loaded Harman/Kardon Sound Must SEE!!!!!
$9999,/eby/ctd/6180159808.html,2010 BMW 550i M Sport Pkg Premium M Wheels Bad Credit Financing!!!!!!!
$10999,/eby/ctd/6180160774.html,"2008 BMW 750Li 4dr Sedan Sport, Premium, Package Only Has 77k Must SEE"
$14999,/eby/ctd/6180156519.html,2007 Mercedes-Benz GL450 4.6 V8 W/3rd Row Seating Call For More INFO!!
$10999,/eby/ctd/6180157862.html,2008 BMW 550i 6-SPD MANUAL Sport Pkg Premium M Wheels Call Now!!!!!!!!
$7499,/eby/ctd/6180144128.html,2008 Mercedes-Benz GL450 W/DVD Player 7 Passengers SUV Good For Family
$9999,/eby/ctd/6180144800.html,"2006 BMW 750Li 4dr Sedan Premium Package, Luxury W/NAV Easy Financing!"
$15998,/eby/ctd/6180136913.html,2009 BMW X5 AWD  W/NAV Panoramic Sunroof  Sport Pkg Premium SUV!!!!!!!
$11999,/eby/ctd/6180137538.html,2008 BMW 328i CONVERTIBLE Sport Pkg 2 Door Sport CAR Come Test Drive
$9999,/eby/ctd/6180138097.html,2013 BMW X3 XDRIVE28I W/Technology Pkg and Nav Easy Financing!!!!!!!!
$17999,/eby/ctd/6180132237.html,2006 INFINITI M35 SPORT SEDAN W/NAV Premium Wheels Call Now MUST SEE
$12999,/eby/ctd/6180132884.html,2012 TOYOTA PRIUS V HYBRID 49 MPG 1 Owner W/Bluetooth & Backup Camera!
$9999,/eby/ctd/6180133393.html,2008 MERCEDES-BENZ E350 4MATIC SEDAN W/ Harman/Kardon Easy Financing !
$11999,/eby/ctd/6180134234.html,2014 VOLKSWAGEN JETTA Special Edition 1.8T Gas Saver Good Looking CAR!
$1599,/eby/ctd/6180128289.html,2011 Mercedes C300 4MATIC AWD Original Miles Harman/Kardon Sound!!!!!
$1,/eby/ctd/6180128797.html,2012 Toyota Prius TWO HATCHBACK Hybrid Keyless Start...Easy Financing!
$1699,/eby/ctd/6180129491.html,2011 Subaru LEGACY Limited Edition AWD Premium Sound Runs Excellent!!
$1499,/eby/ctd/6180125766.html,2009 Audi A4 Avant QUATTRO Blk Blk Gas Saver Easy Financing  Call NOW!
$150,/eby/ctd/6180126835.html,2016 Toyota Camry SE With Bluetooth Bad Credit Financing Programs
$150,/eby/ctd/6180123112.html,2014 Toyota Prius Keyless Start Good MPG W/Bluetooth Runs Excellent!!!
$13999,/eby/ctd/6180121166.html,2011 BMW 328i 4dr Sport Sedan Premium Pkg All 4 New Tire Call Now!!!!!
$220,/eby/ctd/6180122476.html,2015 Toyota Prius THREE HATCHBACK W Bluetooth Gas Saver super low mile
$1,/eby/ctd/6180120409.html,2011 BMW 328i 4dr only 69k Miles With Sport Pkg We Finance Call Now!!!
$1,/eby/ctd/6180116428.html,"2012 Toyota Prius 49 MPG GAS SAVER $0 to $2,000 Down On Approved Crd!!"
$1699,/eby/ctd/6180117689.html,2008 BMW 750i Ultra Sport Sedan Auto Fully Loaded BLK on BLK!!!!!!!!!!
$1699,/eby/wtd/6180108691.html,"6"" LIFT KIT 2012-2017 DODGE RAM 1500 INSTALLED"
$1699,/eby/wto/6141874222.html,17 inch Michelin Pilot Sport A/S nearly new (4)
$1299,/eby/wtd/6179575885.html,"20"" MOTO METAL OFFROAD WHEELS & TIRES 33"" 35"" MUD TIRES WE FINANCE"
$1599,/eby/wtd/6179573129.html,"LIFT KITS OFF ROAD WHEELS MUD TIRES 33"" 35"" M/T 20"" 22"" OFF-ROAD WHEEL"
$1599,/sfc/wto/6163946916.html,17x8 +45 Enkei RPF1 *SINGLE RIM*
$300,/sfc/wto/6163948564.html,17X10 +38 ENKEI RPF1 5X114 *SINGLE RIM*
$1699,/sby/ctd/6179420269.html,2008 *Saturn* *Sky* *2dr Convertible Red Line* Silver Pearl
$1299,/eby/pts/6179325147.html,Stock AP1 Flywheel & amp; ACT clutch
$1249,/sby/cto/6178919405.html,2000 Acura TL parting out
$1699,/sby/pts/6178914843.html,2000 Acura TL parting out
$1299,/eby/wtd/6178679692.html,"HOSTILE OFFROAD RIMS & 33"" 35"" MUD TIRES WE LIFT TRUCKS WE FINANCE 20"""
$1299,/nby/wtd/6178577201.html,"FUEL XD MOTO METAL HOSTILE OFF-ROAD RIMS & TIRES 33"" 35"" M/T TIRES 20"""
$7950,/eby/wtd/6178464246.html,"XD SERIES OFF-ROAD RIMS & TIRES 33"" 35"" M/T WE LIFT TRUCKS WE FINANCE"
$1499,/eby/wtd/6178459368.html,"LIFT KITS OFF ROAD WHEELS MUD TIRES 33"" 35"" M/T 20"" 22"" OFF-ROAD WHEEL"
$1499,/eby/wtd/6178368950.html,"6"" LIFT KIT 2014-2017 CHEVROLET SILVERADO GMC SIERRA INSTALLED"
$1699,/eby/wtd/6178366900.html,"6"" LIFT KIT 2012-2017 DODGE RAM 1500 INSTALLED"
$1299,/eby/wtd/6178356711.html,15 Effect Rims Custom Alloy Wheels
$1699,/eby/wtd/6178330308.html,"20"" MOTO METAL OFFROAD WHEELS & TIRES 33"" 35"" MUD TIRES WE FINANCE"
$3199,/eby/wtd/6178328793.html,"LIFT KITS OFF ROAD WHEELS MUD TIRES 33"" 35"" M/T 20"" 22"" OFF-ROAD WHEEL"
$1549,/eby/wtd/6178134363.html,17 INCH 17X8 17X9 6 LUG CHEVROLET FORD RIMS & TIRES WE FINANCE 17X9
$1499,/eby/wtd/6178122554.html,"20"" MOTO METAL OFFROAD WHEELS & TIRES 33"" 35"" MUD TIRES WE FINANCE"
$1499,/eby/wtd/6178122797.html,"XTREME MUDDER 20X9 20X10 OFF-ROAD RIMS & TIRES 33"" 35"" M/T WE FINANCE"
$1499,/eby/wtd/6178123772.html,"HOSTILE OFFROAD RIMS & 33"" 35"" MUD TIRES WE LIFT TRUCKS WE FINANCE 20"""
$1699,/sby/ctd/6176393079.html,2007 BMW X3 3.0si AWD  BLACK WARRANTY! 109k Miles
$1699,/eby/wtd/6178018730.html,"20X10 OFF-ROAD RIMS 33"" 35"" M/T TIRES WE FINANCE NO CREDIT NEEDED 20"""
$1699,/eby/wtd/6178019123.html,"OFF-ROAD WHEELS LIFT KITS LEVELING KITS M/T TIRES 33"" 35""  WHEELS  20"""
$1699,/nby/wtd/6178019321.html,"FUEL XD MOTO METAL HOSTILE OFF-ROAD RIMS & TIRES 33"" 35"" M/T TIRES 20"""
$1,/eby/wtd/6178019678.html,"HOSTILE OFFROAD RIMS & 33"" 35"" MUD TIRES WE LIFT TRUCKS WE FINANCE 20"""
$1699,/eby/wtd/6178020210.html,"XD SERIES OFF-ROAD RIMS & TIRES 33"" 35"" M/T WE LIFT TRUCKS WE FINANCE"
$1599,/eby/wtd/6175181995.html,"XD SERIES OFF-ROAD RIMS & TIRES 33"" 35"" M/T WE LIFT TRUCKS WE FINANCE"
$1299,/eby/wtd/6175182045.html,"HOSTILE OFFROAD RIMS & 33"" 35"" MUD TIRES WE LIFT TRUCKS WE FINANCE 20"""
$1499,/eby/wtd/6175165088.html,Lift Kit Level Kit Off-Road Wheels & Off-Road Mud Tires We Finance
$1499,/eby/wtd/6175114657.html,"OFF-ROAD WHEELS LIFT KITS LEVELING KITS M/T TIRES 33"" 35""  WHEELS  20"""
$1499,/sfc/ptd/6175071414.html,PARTING OUT 2010 KIA FORTE
$1699,/sfc/ptd/6175057436.html,PARTING OUT 2010 KIA FORTE
$1499,/eby/wtd/6175048201.html,"LIFT KITS OFF ROAD WHEELS MUD TIRES 33"" 35"" M/T 20"" 22"" OFF-ROAD WHEEL"
$1499,/nby/wtd/6175048355.html,"FUEL XD MOTO METAL HOSTILE OFF-ROAD RIMS & TIRES 33"" 35"" M/T TIRES 20"""
$1699,/eby/wtd/6175048413.html,"20X10 OFF-ROAD RIMS 33"" 35"" M/T TIRES WE FINANCE NO CREDIT NEEDED 20"""
$1699,/eby/wtd/6175048562.html,"LIFT KITS OFF ROAD WHEELS MUD TIRES 33"" 35"" M/T 20"" 22"" OFF-ROAD WHEEL"
$1299,/eby/wtd/6175035535.html,"20"" MOTO METAL OFFROAD WHEELS & TIRES 33"" 35"" MUD TIRES WE FINANCE"
$1299,/eby/wtd/6175035644.html,"LIFT KITS OFF ROAD WHEELS MUD TIRES 33"" 35"" M/T 20"" 22"" OFF-ROAD WHEEL"
$1249,/eby/wtd/6175036187.html,"HOSTILE OFFROAD RIMS & 33"" 35"" MUD TIRES WE LIFT TRUCKS WE FINANCE 20"""
$1599,/eby/wtd/6174194744.html,"XTREME MUDDER 20X9 20X10 OFF-ROAD RIMS & TIRES 33"" 35"" M/T WE FINANCE"
$1499,/eby/wtd/6174172478.html,17 INCH 17X8 17X9 6 LUG CHEVROLET FORD RIMS & TIRES WE FINANCE 17X9
$1499,/eby/wtd/6173992370.html,"6"" LIFT KIT 2014-2017 CHEVROLET SILVERADO GMC SIERRA INSTALLED"
$1699,/eby/wtd/6173993329.html,Lift Kit Level Kit Off-Road Wheels & Off-Road Mud Tires We Finance
$1499,/eby/wtd/6173993580.html,"AMERICAN FORCE 20"" 22"" 24"" 26"" OFF ROAD WHEELS TIRES FINANCE AVAILABA"
$1499,/eby/wtd/6173993684.html,Lift Kit Level Kit Off-Road Wheels & Off-Road Mud Tires We Finance
$1699,/eby/wtd/6173993745.html,"XD SERIES OFF-ROAD RIMS & TIRES 33"" 35"" M/T WE LIFT TRUCKS WE FINANCE"
$1499,/eby/wtd/6173993813.html,"LIFT KITS OFF ROAD WHEELS MUD TIRES 33"" 35"" M/T 20"" 22"" OFF-ROAD WHEEL"
$380,/eby/wtd/6173993838.html,"OFF-ROAD WHEELS LIFT KITS LEVELING KITS M/T TIRES 33"" 35""  WHEELS  20"""
$1599,/eby/wtd/6173933489.html,"20"" MOTO METAL OFFROAD WHEELS & TIRES 33"" 35"" MUD TIRES WE FINANCE"
$1499,/eby/wtd/6173925200.html,"LIFT KITS OFF ROAD WHEELS MUD TIRES 33"" 35"" M/T 20"" 22"" OFF-ROAD WHEEL"
$1699,/eby/wtd/6173841025.html,17 Effect Wheels Alloy Brand New Rims
$1699,/eby/wtd/6173750168.html,"6"" LIFT KIT 2014-2017 CHEVROLET SILVERADO GMC SIERRA INSTALLED"
$1499,/eby/wtd/6173737408.html,"LIFT KITS OFF ROAD WHEELS MUD TIRES 33"" 35"" M/T 20"" 22"" OFF-ROAD WHEEL"
$7950,/eby/wtd/6173684207.html,"XD SERIES OFF-ROAD RIMS & TIRES 33"" 35"" M/T WE LIFT TRUCKS WE FINANCE"
$280,/sfc/ptd/6173563107.html,(PARTING OUT) 2003 ISUZU AXIOM
$1499,/sfc/ptd/6173557853.html,PARTING OUT 2010 KIA FORTE
$1599,/sfc/ptd/6173559194.html,2005 ACURA TL (PART OUT)
$1699,/eby/wtd/6173491399.html,"20"" MOTO METAL OFFROAD WHEELS & TIRES 33"" 35"" MUD TIRES WE FINANCE"
$3499,/eby/wtd/6173491439.html,"LIFT KITS OFF ROAD WHEELS MUD TIRES 33"" 35"" M/T 20"" 22"" OFF-ROAD WHEEL"
$1549,/sby/ctd/6170681603.html,2007 BMW X3 3.0si AWD  BLACK WARRANTY! 109k Miles
$1299,/eby/wtd/6171324066.html,LEVELING KITS****$280.00***FORD***DODGE***CHEVY***TOYOTA***NISSAN*
$1699,/nby/wtd/6171265650.html,"FUEL XD MOTO METAL HOSTILE OFF-ROAD RIMS & TIRES 33"" 35"" M/T TIRES 20"""
$1599,/eby/wtd/6171261590.html,"6"" LIFT KIT 2014-2017 CHEVROLET SILVERADO GMC SIERRA INSTALLED"
$1499,/eby/wtd/6171049414.html,"LIFT KITS OFF ROAD WHEELS MUD TIRES 33"" 35"" M/T 20"" 22"" OFF-ROAD WHEEL"
$1699,/sfc/wtd/6170875985.html,â˜… 19 20 22 Staggered 3 piece AC Forged wheels Rims 40% Off
$7500,/eby/wtd/6170749608.html,"20"" MOTO METAL OFFROAD WHEELS & TIRES 33"" 35"" MUD TIRES WE FINANCE"
$1499,/eby/wtd/6170749766.html,"XTREME MUDDER 20X9 20X10 OFF-ROAD RIMS & TIRES 33"" 35"" M/T WE FINANCE"
$1499,/eby/wtd/6170749817.html,"20"" MOTO METAL OFFROAD WHEELS & TIRES 33"" 35"" MUD TIRES WE FINANCE"
$1299,/eby/wtd/6170749832.html,"20X10 OFF-ROAD RIMS 33"" 35"" M/T TIRES WE FINANCE NO CREDIT NEEDED 20"""
$1299,/eby/wtd/6170749925.html,Lift Kit Level Kit Off-Road Wheels & Off-Road Mud Tires We Finance
$1499,/eby/wtd/6170734385.html,"XD SERIES OFF-ROAD RIMS & TIRES 33"" 35"" M/T WE LIFT TRUCKS WE FINANCE"
$1799,/eby/cto/6127798550.html,2002 S2k  need gone quick sell
$3199,/eby/wtd/6169866441.html,"LIFT KITS OFF ROAD WHEELS MUD TIRES 33"" 35"" M/T 20"" 22"" OFF-ROAD WHEEL"
$1499,/eby/wtd/6169804494.html,Lift Kit Level Kit Off-Road Wheels & Off-Road Mud Tires We Finance
$1699,/eby/wtd/6169481487.html,"LIFT KITS OFF ROAD WHEELS MUD TIRES 33"" 35"" M/T 20"" 22"" OFF-ROAD WHEEL"
$1699,/eby/wtd/6169480248.html,"XD SERIES OFF-ROAD RIMS & TIRES 33"" 35"" M/T WE LIFT TRUCKS WE FINANCE"
$1499,/nby/wtd/6169454357.html,"FUEL XD MOTO METAL HOSTILE OFF-ROAD RIMS & TIRES 33"" 35"" M/T TIRES 20"""
$1499,/eby/wtd/6169396170.html,20x12 FUEL MAVERICK WHEELS W/ LT 35x12.50R20 M/T TIRES ON SALE DODGE
$1499,/eby/wtd/6169389617.html,"(5) WHEELS & TIRES FOR JEEP WRANGLER & 4"" LIFT KIT INSTALLED"
$1699,/eby/wtd/6169383773.html,"LIFT KITS OFF ROAD WHEELS MUD TIRES 33"" 35"" M/T 20"" 22"" OFF-ROAD WHEEL"
$1599,/eby/wtd/6168514743.html,"HOSTILE OFFROAD RIMS & 33"" 35"" MUD TIRES WE LIFT TRUCKS WE FINANCE 20"""
$1299,/nby/wtd/6168485461.html,"FUEL XD MOTO METAL HOSTILE OFF-ROAD RIMS & TIRES 33"" 35"" M/T TIRES 20"""
$1499,/eby/wtd/6168483181.html,"XD SERIES OFF-ROAD RIMS & TIRES 33"" 35"" M/T WE LIFT TRUCKS WE FINANCE"
$1499,/eby/wtd/6168484164.html,"LIFT KITS OFF ROAD WHEELS MUD TIRES 33"" 35"" M/T 20"" 22"" OFF-ROAD WHEEL"
$1699,/eby/wtd/6168346838.html,"LIFT KITS OFF ROAD WHEELS MUD TIRES 33"" 35"" M/T 20"" 22"" OFF-ROAD WHEEL"
$1499,/nby/wtd/6168335163.html,"FUEL XD MOTO METAL HOSTILE OFF-ROAD RIMS & TIRES 33"" 35"" M/T TIRES 20"""
$1499,/eby/wtd/6168197596.html,"20X10 OFF-ROAD RIMS 33"" 35"" M/T TIRES WE FINANCE NO CREDIT NEEDED 20"""
$1699,/eby/wtd/6168160337.html,"LIFT KITS OFF ROAD WHEELS MUD TIRES 33"" 35"" M/T 20"" 22"" OFF-ROAD WHEEL"
$1699,/eby/wtd/6167945903.html,"XTREME MUDDER 20X9 20X10 OFF-ROAD RIMS & TIRES 33"" 35"" M/T WE FINANCE"
$1699,/nby/wtd/6167945960.html,"FUEL XD MOTO METAL HOSTILE OFF-ROAD RIMS & TIRES 33"" 35"" M/T TIRES 20"""
$1699,/eby/wtd/6167946031.html,"XD SERIES OFF-ROAD RIMS & TIRES 33"" 35"" M/T WE LIFT TRUCKS WE FINANCE"
$7950,/eby/wtd/6167946065.html,Lift Kit Level Kit Off-Road Wheels & Off-Road Mud Tires We Finance
$1699,/eby/wtd/6167813407.html,Lift Kit Level Kit Off-Road Wheels & Off-Road Mud Tires We Finance
$1249,/eby/wtd/6167813427.html,"LIFT KITS OFF ROAD WHEELS MUD TIRES 33"" 35"" M/T 20"" 22"" OFF-ROAD WHEEL"
$1599,/eby/wtd/6167813486.html,"HOSTILE OFFROAD RIMS & 33"" 35"" MUD TIRES WE LIFT TRUCKS WE FINANCE 20"""
$1499,/nby/wtd/6167813838.html,"FUEL XD MOTO METAL HOSTILE OFF-ROAD RIMS & TIRES 33"" 35"" M/T TIRES 20"""
$1299,/eby/wtd/6167813901.html,"20"" MOTO METAL OFFROAD WHEELS & TIRES 33"" 35"" MUD TIRES WE FINANCE"
$1499,/sby/ctd/6166115199.html,2007 BMW X3 3.0si AWD  BLACK WARRANTY! 109k Miles
$1699,/nby/wtd/6166998968.html,"FUEL XD MOTO METAL HOSTILE OFF-ROAD RIMS & TIRES 33"" 35"" M/T TIRES 20"""
$1699,/eby/wtd/6166945192.html,17 INCH 17X8 17X9 6 LUG CHEVROLET FORD RIMS & TIRES WE FINANCE 17X9
$1499,/eby/wtd/6166741793.html,"6"" LIFT KIT 2012-2017 DODGE RAM 1500 INSTALLED"
$1599,/eby/wtd/6166742681.html,"6"" LIFT KIT 2014-2017 CHEVROLET SILVERADO GMC SIERRA INSTALLED"
$1599,/eby/wtd/6166728224.html,"LIFT KITS OFF ROAD WHEELS MUD TIRES 33"" 35"" M/T 20"" 22"" OFF-ROAD WHEEL"
$1499,/eby/wtd/6166730037.html,"20X10 OFF-ROAD RIMS 33"" 35"" M/T TIRES WE FINANCE NO CREDIT NEEDED 20"""
$1499,/eby/wtd/6166695186.html,"20"" MOTO METAL OFFROAD WHEELS & TIRES 33"" 35"" MUD TIRES WE FINANCE"
$1699,/nby/wtd/6166687576.html,"FUEL XD MOTO METAL HOSTILE OFF-ROAD RIMS & TIRES 33"" 35"" M/T TIRES 20"""
$1599,/eby/wtd/6166531629.html,Lift Kit Level Kit Off-Road Wheels & Off-Road Mud Tires We Finance
$1499,/eby/wtd/6166529050.html,"6"" LIFT KIT 2014-2017 CHEVROLET SILVERADO GMC SIERRA INSTALLED"
$1699,/eby/ptd/6166441097.html,"6"" LIFT KIT FORD 150 2WD 4WD INSTALLED OFF-ROAD WHEELS MUD TIRES"
$999,/eby/wtd/6166431878.html,"LIFT KITS OFF ROAD WHEELS MUD TIRES 33"" 35"" M/T 20"" 22"" OFF-ROAD WHEEL"
$1699,/eby/wtd/6166296859.html,"LIFT KITS OFF ROAD WHEELS MUD TIRES 33"" 35"" M/T 20"" 22"" OFF-ROAD WHEEL"
$1499,/eby/wtd/6166264502.html,"XD SERIES OFF-ROAD RIMS & TIRES 33"" 35"" M/T WE LIFT TRUCKS WE FINANCE"
$1699,/eby/wtd/6165399646.html,"20X10 OFF-ROAD RIMS 33"" 35"" M/T TIRES WE FINANCE NO CREDIT NEEDED 20"""
$1699,/eby/wtd/6165396243.html,"LIFT KITS OFF ROAD WHEELS MUD TIRES 33"" 35"" M/T 20"" 22"" OFF-ROAD WHEEL"
$1699,/eby/wtd/6165393750.html,"20"" MOTO METAL OFFROAD WHEELS & TIRES 33"" 35"" MUD TIRES WE FINANCE"
$1699,/sfc/wtd/6164974828.html,"â˜… 20x9/10.5 MQ staggered Extreme Concave w/Super 7"" Lip Wheels"
$1699,/eby/wtd/6164911161.html,"XD SERIES OFF-ROAD RIMS & TIRES 33"" 35"" M/T WE LIFT TRUCKS WE FINANCE"
$1499,/eby/wtd/6164863510.html,"20X10 OFF-ROAD RIMS 33"" 35"" M/T TIRES WE FINANCE NO CREDIT NEEDED 20"""
$1699,/nby/wtd/6164863771.html,"FUEL XD MOTO METAL HOSTILE OFF-ROAD RIMS & TIRES 33"" 35"" M/T TIRES 20"""
$1599,/eby/wtd/6164864264.html,"LIFT KITS OFF ROAD WHEELS MUD TIRES 33"" 35"" M/T 20"" 22"" OFF-ROAD WHEEL"
$1499,/eby/wtd/6164864511.html,"HOSTILE OFFROAD RIMS & 33"" 35"" MUD TIRES WE LIFT TRUCKS WE FINANCE 20"""
$1699,/sfc/ptd/6164783505.html,PARTING OUT 2013 HYUNDAI GENESIS !!!!!!!
$1699,/eby/wtd/6164768167.html,"XD SERIES OFF-ROAD RIMS & TIRES 33"" 35"" M/T WE LIFT TRUCKS WE FINANCE"
$1499,/eby/wtd/6164768749.html,"XD SERIES OFF-ROAD RIMS & TIRES 33"" 35"" M/T WE LIFT TRUCKS WE FINANCE"
$380,/eby/wtd/6164768800.html,"LIFT KITS OFF ROAD WHEELS MUD TIRES 33"" 35"" M/T 20"" 22"" OFF-ROAD WHEEL"
$1599,/sfc/ptd/6164771262.html,(PARTING OUT) 2003 ISUZU AXIOM
$1599,/sfc/ptd/6164653327.html,2005 ACURA TL (PART OUT)
$1699,/nby/wtd/6163778615.html,"FUEL XD MOTO METAL HOSTILE OFF-ROAD RIMS & TIRES 33"" 35"" M/T TIRES 20"""
$1499,/eby/wtd/6163748632.html,"20X10 OFF-ROAD RIMS 33"" 35"" M/T TIRES WE FINANCE NO CREDIT NEEDED 20"""
$1699,/eby/wtd/6163724038.html,"LIFT KITS OFF ROAD WHEELS MUD TIRES 33"" 35"" M/T 20"" 22"" OFF-ROAD WHEEL"
$1699,/nby/wtd/6163682680.html,"FUEL XD MOTO METAL HOSTILE OFF-ROAD RIMS & TIRES 33"" 35"" M/T TIRES 20"""
$1699,/eby/wtd/6163509254.html,"20"" MOTO METAL OFFROAD WHEELS & TIRES 33"" 35"" MUD TIRES WE FINANCE"
$1599,/eby/wtd/6163367076.html,"LIFT KITS OFF ROAD WHEELS MUD TIRES 33"" 35"" M/T 20"" 22"" OFF-ROAD WHEEL"
$1299,/eby/wtd/6163345273.html,17 Effect Wheels Alloy Rims
$1699,/eby/wtd/6163318279.html,"6"" LIFT KIT 2014-2017 CHEVROLET SILVERADO GMC SIERRA INSTALLED"
$7950,/eby/wtd/6163321088.html,"6"" LIFT KIT 2012-2017 DODGE RAM 1500 INSTALLED"
$1599,/eby/wtd/6160664087.html,"20X10 OFF-ROAD RIMS 33"" 35"" M/T TIRES WE FINANCE NO CREDIT NEEDED 20"""
$1299,/eby/wtd/6160660926.html,"LIFT KITS OFF ROAD WHEELS MUD TIRES 33"" 35"" M/T 20"" 22"" OFF-ROAD WHEEL"
$1399,/eby/wtd/6160358354.html,"XTREME MUDDER 20X9 20X10 OFF-ROAD RIMS & TIRES 33"" 35"" M/T WE FINANCE"
$1699,/eby/wtd/6160358423.html,"HOSTILE OFFROAD RIMS & 33"" 35"" MUD TIRES WE LIFT TRUCKS WE FINANCE 20"""
$1699,/nby/wtd/6160358491.html,"FUEL XD MOTO METAL HOSTILE OFF-ROAD RIMS & TIRES 33"" 35"" M/T TIRES 20"""
$1499,/eby/wtd/6160358544.html,Lift Kit Level Kit Off-Road Wheels & Off-Road Mud Tires We Finance
$1699,/eby/wtd/6160353232.html,"LIFT KITS OFF ROAD WHEELS MUD TIRES 33"" 35"" M/T 20"" 22"" OFF-ROAD WHEEL"
$1499,/eby/wtd/6160348476.html,"LIFT KITS OFF ROAD WHEELS MUD TIRES 33"" 35"" M/T 20"" 22"" OFF-ROAD WHEEL"
$1699,/eby/wtd/6160348548.html,"HOSTILE OFFROAD RIMS & 33"" 35"" MUD TIRES WE LIFT TRUCKS WE FINANCE 20"""
$1699,/eby/wtd/6160348583.html,"XD SERIES OFF-ROAD RIMS & TIRES 33"" 35"" M/T WE LIFT TRUCKS WE FINANCE"
$1699,/nby/wtd/6160348618.html,"FUEL XD MOTO METAL HOSTILE OFF-ROAD RIMS & TIRES 33"" 35"" M/T TIRES 20"""
$2222,/eby/ctd/6160237132.html,1999 Mercedes C230 Kompressor -- Great Car -- GREAT VALUE!!
$3299,/eby/wtd/6159616092.html,"20x10 FUEL MAVERICK W/ 33"" M/T TIRES FOR GMC SIERRA 2500HD DENALI"
$3299,/eby/wtd/6159610691.html,"20"" FUEL WHEELS & TIRES W/ LIFT KIT FOR TOYOTA TUNDRA INSTALLED"
$1499,/eby/wtd/6159603679.html,"LIFT KITS OFF ROAD WHEELS MUD TIRES 33"" 35"" M/T 20"" 22"" OFF-ROAD WHEEL"
$1499,/eby/wtd/6159453423.html,"LIFT KITS OFF ROAD WHEELS MUD TIRES 33"" 35"" M/T 20"" 22"" OFF-ROAD WHEEL"
$1249,/eby/wtd/6159447925.html,17 INCH 17X8 17X9 6 LUG CHEVROLET FORD RIMS & TIRES WE FINANCE 17X9
$1699,/eby/wtd/6159445916.html,"20"" MOTO METAL OFFROAD WHEELS & TIRES 33"" 35"" MUD TIRES WE FINANCE"
$1499,/eby/wtd/6159442594.html,"LIFT KITS OFF ROAD WHEELS MUD TIRES 33"" 35"" M/T 20"" 22"" OFF-ROAD WHEEL"
$1299,/eby/wtd/6159418764.html,"LIFT KITS OFF ROAD WHEELS MUD TIRES 33"" 35"" M/T 20"" 22"" OFF-ROAD WHEEL"
$1799,/eby/wtd/6159300616.html,20x12 FUEL MAVERICK WHEELS W/ LT 35x12.50R20 M/T TIRES ON SALE DODGE
$3199,/sfc/ptd/6159296555.html,2005 ACURA TL (PART OUT)
$899,/eby/wtd/6159274939.html,"(5) WHEELS & TIRES FOR JEEP WRANGLER & 4"" LIFT KIT INSTALLED"
$1699,/sfc/wtd/6159224757.html,"â˜… 20"" 22 inch staggered Extremely concave wheels rims-Wholesale prices"
$1549,/nby/wtd/6159071976.html,"FUEL XD MOTO METAL HOSTILE OFF-ROAD RIMS & TIRES 33"" 35"" M/T TIRES 20"""
$1499,/eby/wtd/6159048034.html,"20"" MOTO METAL OFFROAD WHEELS & TIRES 33"" 35"" MUD TIRES WE FINANCE"
$1599,/eby/wtd/6158956265.html,Lift Kit Level Kit Off-Road Wheels & Off-Road Mud Tires We Finance
$1599,/eby/wtd/6158938688.html,"20X10 OFF-ROAD RIMS 33"" 35"" M/T TIRES WE FINANCE NO CREDIT NEEDED 20"""
$1699,/eby/wtd/6158895899.html,"6"" LIFT KIT 2012-2017 DODGE RAM 1500 INSTALLED"
$1599,/nby/wtd/6158897659.html,"FUEL XD MOTO METAL HOSTILE OFF-ROAD RIMS & TIRES 33"" 35"" M/T TIRES 20"""
$1599,/eby/wtd/6158894433.html,"6"" LIFT KIT 2014-2017 CHEVROLET SILVERADO GMC SIERRA INSTALLED"
$1599,/eby/wtd/6157645808.html,"6"" LIFT KIT 2014-2017 CHEVROLET SILVERADO GMC SIERRA INSTALLED"
$1699,/eby/wtd/6157643022.html,"6"" LIFT KIT 2012-2017 DODGE RAM 1500 INSTALLED"
$1699,/nby/wtd/6157638872.html,"FUEL XD MOTO METAL HOSTILE OFF-ROAD RIMS & TIRES 33"" 35"" M/T TIRES 20"""
$999,/nby/wtd/6157627060.html,"FUEL XD MOTO METAL HOSTILE OFF-ROAD RIMS & TIRES 33"" 35"" M/T TIRES 20"""
$1699,/sfc/wtd/6157514926.html,"â˜… 20"" 22"" staggered  X15/ X23 Staggered wheels rims"
$1499,/sfc/ptd/6157501641.html,PARTING OUT 2010 KIA FORTE
$1499,/eby/wtd/6157483821.html,"20"" MOTO METAL OFFROAD WHEELS & TIRES 33"" 35"" MUD TIRES WE FINANCE"
$1499,/sfc/ptd/6157466879.html,PARTING OUT 2013 HYUNDAI GENESIS !!!!!!!
$1399,/sfc/ptd/6157427936.html,2005 ACURA TL (PART OUT)
$1599,/eby/wtd/6157385969.html,"20X10 OFF-ROAD RIMS 33"" 35"" M/T TIRES WE FINANCE NO CREDIT NEEDED 20"""
$1599,/eby/wtd/6157382343.html,"LIFT KITS OFF ROAD WHEELS MUD TIRES 33"" 35"" M/T 20"" 22"" OFF-ROAD WHEEL"
$1599,/eby/wtd/6157373512.html,Lift Kit Level Kit Off-Road Wheels & Off-Road Mud Tires We Finance
$7950,/eby/wtd/6157371253.html,"XTREME MUDDER 20X9 20X10 OFF-ROAD RIMS & TIRES 33"" 35"" M/T WE FINANCE"
$1499,/eby/ptd/6156477827.html,"6"" LIFT KIT FORD 150 2WD 4WD INSTALLED OFF-ROAD WHEELS MUD TIRES"
$1499,/eby/wtd/6156437819.html,"6"" LIFT KIT 2014-2017 CHEVROLET SILVERADO GMC SIERRA INSTALLED"
$1699,/eby/wtd/6156416147.html,"6"" LIFT KIT 2012-2017 DODGE RAM 1500 INSTALLED"
$1699,/sby/ctd/6154228998.html,2007 BMW X3 3.0si AWD  BLACK WARRANTY! 109k Miles
$1699,/sfc/ptd/6156234870.html,(PARTING OUT) 2003 ISUZU AXIOM
$1299,/eby/wtd/6156231215.html,"20X10 OFF-ROAD RIMS 33"" 35"" M/T TIRES WE FINANCE NO CREDIT NEEDED 20"""
$1,/eby/wtd/6156188775.html,"LIFT KITS OFF ROAD WHEELS MUD TIRES 33"" 35"" M/T 20"" 22"" OFF-ROAD WHEEL"
$2222,/eby/wtd/6156189900.html,HOSTILE OFF ROAD WHEELS | MUD OR ALL TERRAIN TIRES CHEVY DODGE FORD
$1299,/eby/wtd/6156122987.html,HOSTILE OFF ROAD WHEELS | MUD OR ALL TERRAIN TIRES CHEVY DODGE FORD
$1499,/nby/wtd/6156082424.html,"FUEL XD MOTO METAL HOSTILE OFF-ROAD RIMS & TIRES 33"" 35"" M/T TIRES 20"""
$1699,/eby/wtd/6156076850.html,"LIFT KITS OFF ROAD WHEELS MUD TIRES 33"" 35"" M/T 20"" 22"" OFF-ROAD WHEEL"
$1699,/eby/cto/6112723006.html,For trade or sell 06 g35 coupe 6mt
$1499,/eby/ctd/6155322246.html,1999 Mercedes C230 Kompressor -- Great Car -- GREAT VALUE!!
$1699,/eby/wtd/6154778266.html,"LIFT KITS OFF ROAD WHEELS MUD TIRES 33"" 35"" M/T 20"" 22"" OFF-ROAD WHEEL"
$899,/eby/wtd/6154646073.html,"20X10 OFF-ROAD RIMS 33"" 35"" M/T TIRES WE FINANCE NO CREDIT NEEDED 20"""
$460,/nby/wtd/6154517303.html,"FUEL XD MOTO METAL HOSTILE OFF-ROAD RIMS & TIRES 33"" 35"" M/T TIRES 20"""
$1699,/eby/wtd/6154519906.html,"20"" MOTO METAL OFFROAD WHEELS & TIRES 33"" 35"" MUD TIRES WE FINANCE"
$1499,/eby/wtd/6154516146.html,"LIFT KITS OFF ROAD WHEELS MUD TIRES 33"" 35"" M/T 20"" 22"" OFF-ROAD WHEEL"
$1699,/eby/wtd/6154507445.html,HOSTILE OFF ROAD WHEELS | MUD OR ALL TERRAIN TIRES CHEVY DODGE FORD
$1699,/sfc/wtd/6154474762.html,â˜… 19 20 20 inch NIche Wheels Rims On Sale Wholesale prices
$270,/eby/wtd/6154447452.html,18 Effect Wheels New Alloy Rims
$1699,/eby/wtd/6154394481.html,"XD SERIES OFF-ROAD RIMS & TIRES 33"" 35"" M/T WE LIFT TRUCKS WE FINANCE"
$1499,/eby/wtd/6154363246.html,"LIFT KITS OFF ROAD WHEELS MUD TIRES 33"" 35"" M/T 20"" 22"" OFF-ROAD WHEEL"
$1699,/nby/wtd/6154357686.html,"FUEL XD MOTO METAL HOSTILE OFF-ROAD RIMS & TIRES 33"" 35"" M/T TIRES 20"""
$1549,/nby/wtd/6153267896.html,"FUEL XD MOTO METAL HOSTILE OFF-ROAD RIMS & TIRES 33"" 35"" M/T TIRES 20"""
$1549,/eby/ptd/6152999271.html,14 Effect Wheels Alloy Rims
$1499,/eby/wtd/6152969460.html,HOSTILE OFF ROAD WHEELS | MUD OR ALL TERRAIN TIRES CHEVY DODGE FORD
$1299,/eby/wtd/6152969964.html,"AMERICAN FORCE 20"" 22"" 24"" 26"" OFF ROAD WHEELS TIRES FINANCE AVAILABA"
$1599,/eby/wtd/6152966803.html,Lift Kit Level Kit Off-Road Wheels & Off-Road Mud Tires We Finance
$1499,/nby/wtd/6152968222.html,"FUEL XD MOTO METAL HOSTILE OFF-ROAD RIMS & TIRES 33"" 35"" M/T TIRES 20"""
$1499,/eby/wtd/6152961058.html,"20"" MOTO METAL OFFROAD WHEELS & TIRES 33"" 35"" MUD TIRES WE FINANCE"
$1499,/eby/wtd/6152923135.html,"20"" MOTO METAL OFFROAD WHEELS & TIRES 33"" 35"" MUD TIRES WE FINANCE"
$1599,/eby/wtd/6152851667.html,"XD SERIES OFF-ROAD RIMS & TIRES 33"" 35"" M/T WE LIFT TRUCKS WE FINANCE"
$1499,/eby/wtd/6152850541.html,"LIFT KITS OFF ROAD WHEELS MUD TIRES 33"" 35"" M/T 20"" 22"" OFF-ROAD WHEEL"
$1699,/eby/wtd/6152809140.html,"20X10 OFF-ROAD RIMS 33"" 35"" M/T TIRES WE FINANCE NO CREDIT NEEDED 20"""
$899,/eby/wtd/6152806793.html,"20X10 OFF-ROAD RIMS 33"" 35"" M/T TIRES WE FINANCE NO CREDIT NEEDED 20"""
$1299,/eby/wtd/6152785033.html,"LIFT KITS OFF ROAD WHEELS MUD TIRES 33"" 35"" M/T 20"" 22"" OFF-ROAD WHEEL"
$1499,/eby/wtd/6150631214.html,"LIFT KITS OFF ROAD WHEELS MUD TIRES 33"" 35"" M/T 20"" 22"" OFF-ROAD WHEEL"
$1699,/eby/wtd/6150571895.html,"20X10 OFF-ROAD RIMS 33"" 35"" M/T TIRES WE FINANCE NO CREDIT NEEDED 20"""
$1499,/eby/wtd/6150573342.html,"LIFT KITS OFF ROAD WHEELS MUD TIRES 33"" 35"" M/T 20"" 22"" OFF-ROAD WHEEL"
$1499,/eby/wtd/6150562382.html,"XD SERIES OFF-ROAD RIMS & TIRES 33"" 35"" M/T WE LIFT TRUCKS WE FINANCE"
$7950,/sfc/wtd/6150388125.html,"â˜… 20"" 22"" staggered Extremely concave wheels rims--Wholesale prices"
$1499,/eby/wtd/6150355558.html,"XTREME MUDDER 20X9 20X10 OFF-ROAD RIMS & TIRES 33"" 35"" M/T WE FINANCE"
$1699,/eby/wtd/6150341455.html,"LIFT KITS OFF ROAD WHEELS MUD TIRES 33"" 35"" M/T 20"" 22"" OFF-ROAD WHEEL"
$1219,/eby/wtd/6150338232.html,"HOSTILE OFFROAD RIMS & 33"" 35"" MUD TIRES WE LIFT TRUCKS WE FINANCE 20"""
$1499,/eby/wtd/6150339762.html,"20X10 OFF-ROAD RIMS 33"" 35"" M/T TIRES WE FINANCE NO CREDIT NEEDED 20"""
$1699,/eby/wtd/6150245408.html,Lift Kit Level Kit Off-Road Wheels & Off-Road Mud Tires We Finance
$1699,/sby/ctd/6148770723.html,2007 BMW X3 3.0si AWD  BLACK WARRANTY!
$1699,/eby/wtd/6150237386.html,"LIFT KITS OFF ROAD WHEELS MUD TIRES 33"" 35"" M/T 20"" 22"" OFF-ROAD WHEEL"
$1499,/nby/wtd/6150232367.html,"FUEL XD MOTO METAL HOSTILE OFF-ROAD RIMS & TIRES 33"" 35"" M/T TIRES 20"""
$1699,/sfc/wtd/6150213894.html,â˜… 19 20 22 Rohana Wheels Rims Deal - Extremely Deep Concave
$999,/eby/wtd/6149512323.html,"XD SERIES OFF-ROAD RIMS & TIRES 33"" 35"" M/T WE LIFT TRUCKS WE FINANCE"
$1699,/eby/wtd/6149407542.html,HOSTILE OFF ROAD WHEELS | MUD OR ALL TERRAIN TIRES CHEVY DODGE FORD
$1299,/eby/wtd/6149394378.html,"HOSTILE OFFROAD RIMS & 33"" 35"" MUD TIRES WE LIFT TRUCKS WE FINANCE 20"""
$1699,/eby/wtd/6149159528.html,"AMERICAN FORCE 20"" 22"" 24"" 26"" OFF ROAD WHEELS TIRES FINANCE AVAILABA"
$1699,/nby/wtd/6149138934.html,"FUEL XD MOTO METAL HOSTILE OFF-ROAD RIMS & TIRES 33"" 35"" M/T TIRES 20"""
$1699,/eby/wtd/6148912827.html,"LIFT KITS OFF ROAD WHEELS MUD TIRES 33"" 35"" M/T 20"" 22"" OFF-ROAD WHEEL"
$1599,/nby/wtd/6147795093.html,"FUEL XD MOTO METAL HOSTILE OFF-ROAD RIMS & TIRES 33"" 35"" M/T TIRES 20"""
$1599,/sfc/wtd/6147622546.html,"â˜… 20 22"" Giovanna/RF Wheels Rims Staggered 40% off - EZ Financing"
$1599,/nby/wtd/6147564407.html,"FUEL XD MOTO METAL HOSTILE OFF-ROAD RIMS & TIRES 33"" 35"" M/T TIRES 20"""
$1699,/eby/wtd/6147562390.html,"LIFT KITS OFF ROAD WHEELS MUD TIRES 33"" 35"" M/T 20"" 22"" OFF-ROAD WHEEL"
$1499,/nby/wtd/6147560876.html,"FUEL XD MOTO METAL HOSTILE OFF-ROAD RIMS & TIRES 33"" 35"" M/T TIRES 20"""
$1199,/nby/wtd/6146581558.html,"FUEL XD MOTO METAL HOSTILE OFF-ROAD RIMS & TIRES 33"" 35"" M/T TIRES 20"""
$1499,/eby/wtd/6146448364.html,"XD SERIES OFF-ROAD RIMS & TIRES 33"" 35"" M/T WE LIFT TRUCKS WE FINANCE"
$1499,/eby/wtd/6146424314.html,"Lift Kits Level Kit Off Road Wheels Mud Tires Tundra Tacoma Sierra 33"""
$1699,/eby/wtd/6146417978.html,"Lift Kits Off-Road Wheels M/T Tires Fuel Moto Metal Xd Hostile 33"" 35"""
$1699,/eby/wtd/6146357389.html,Offroad Wheel Tire Packages | CHEVY |20X10 |33125020 | FEDRAL MT
$1499,/eby/wtd/6144845003.html,"20X10 OFF-ROAD RIMS 33"" 35"" M/T TIRES WE FINANCE NO CREDIT NEEDED 20"""
$1699,/eby/wtd/6144847154.html,"LIFT KITS OFF ROAD WHEELS MUD TIRES 33"" 35"" M/T 20"" 22"" OFF-ROAD WHEEL"
$1699,/eby/wtd/6144843811.html,"XD SERIES OFF-ROAD RIMS & TIRES 33"" 35"" M/T WE LIFT TRUCKS WE FINANCE"
$1299,/eby/wtd/6144829110.html,"HOSTILE OFFROAD RIMS & 33"" 35"" MUD TIRES WE LIFT TRUCKS WE FINANCE 20"""
$1699,/nby/wtd/6144785665.html,"FUEL XD MOTO METAL HOSTILE OFF-ROAD RIMS & TIRES 33"" 35"" M/T TIRES 20"""
$1299,/sfc/wtd/6144610812.html,â˜… 19 20 staggered Rennen wheels Special -Deep Lip
$1699,/nby/wtd/6144400902.html,"FUEL XD MOTO METAL HOSTILE OFF-ROAD RIMS & TIRES 33"" 35"" M/T TIRES 20"""
$1499,/eby/wtd/6144401041.html,"LIFT KITS OFF ROAD WHEELS MUD TIRES 33"" 35"" M/T 20"" 22"" OFF-ROAD WHEEL"
$1699,/eby/wtd/6144401097.html,"HOSTILE OFFROAD RIMS & 33"" 35"" MUD TIRES WE LIFT TRUCKS WE FINANCE 20"""
$1599,/eby/wtd/6144401101.html,"XD SERIES OFF-ROAD RIMS & TIRES 33"" 35"" M/T WE LIFT TRUCKS WE FINANCE"
$15000,/eby/wtd/6144403281.html,"AMERICAN FORCE 20"" 22"" 24"" 26"" OFF ROAD WHEELS TIRES FINANCE AVAILABA"
